timestamp,total_pss_mb,total_rss_mb,procs,claude_procs,claude_mb,exthost_mb,renderer_mb,tsserver_mb,langserver_mb,gpu_mb,main_mb,other_mb,top_role,top_pid,top_mb
2026-08-11T18:45:37-04:00,3829,5919,30,4,1030,1063,924,369,176,77,148,40,exthost,3369526,476
2026-08-11T18:46:10-04:00,3865,5916,25,4,1041,1064,966,369,176,78,147,21,renderer,3369519,503
2026-08-11T18:47:10-04:00,3873,5925,25,4,1078,1063,936,369,176,78,148,21,renderer,3369519,483
2026-08-11T18:48:11-04:00,3911,5962,25,4,1104,1021,999,360,176,77,149,21,renderer,3369519,539
2026-08-11T18:48:25-04:00,3934,5986,25,4,1116,1014,1016,361,177,78,148,21,renderer,3369519,549
2026-08-11T18:49:26-04:00,3932,5983,25,4,1103,1017,1025,361,176,77,149,21,renderer,3369519,564
2026-08-11T18:50:26-04:00,3944,5996,25,4,1131,1021,1008,358,175,77,149,21,renderer,3369519,545
2026-08-11T18:51:26-04:00,3904,5956,25,4,1096,1014,1014,358,175,76,146,21,renderer,3369519,548
2026-08-11T18:52:26-04:00,3879,5931,25,4,1073,1018,1007,358,175,77,146,21,renderer,3369519,541
2026-08-11T18:53:27-04:00,3884,5936,25,4,1080,1018,1005,358,176,76,146,21,renderer,3369519,540
2026-08-11T18:54:27-04:00,3898,5955,25,4,1084,1015,1019,358,176,77,146,21,renderer,3369519,555
2026-08-11T18:55:27-04:00,3904,5961,25,4,1092,1015,1016,358,176,77,147,21,renderer,3369519,553
2026-08-11T18:56:28-04:00,3877,5934,25,4,1091,1013,992,358,176,77,146,21,renderer,3369519,547
2026-08-11T18:57:28-04:00,3998,6055,25,4,1138,1130,945,358,178,77,148,21,renderer,3369519,502
2026-08-11T18:58:28-04:00,4626,6683,25,4,1154,1626,1008,411,178,77,147,21,exthost,3369496,792
2026-08-11T18:59:28-04:00,3993,6048,25,4,1152,1064,997,354,178,76,147,21,renderer,3369519,554
2026-08-11T19:00:29-04:00,3954,6008,25,4,1109,1066,999,354,178,75,147,21,renderer,3369519,556
2026-08-11T19:01:29-04:00,3958,6012,25,4,1109,1064,1013,348,178,75,147,21,renderer,3369519,561
2026-08-11T19:02:29-04:00,4527,6564,25,4,1131,1400,1218,348,179,77,149,21,renderer,3369519,757
2026-08-11T19:03:30-04:00,4555,6610,25,4,1128,1444,1205,348,179,76,152,21,renderer,3369519,737
2026-08-11T19:04:30-04:00,4501,6556,25,4,1132,1393,1181,368,178,76,148,21,renderer,3369519,732
2026-08-11T19:05:30-04:00,4570,6625,25,4,1120,1568,1086,368,179,75,149,21,exthost,3369496,783
2026-08-11T19:06:30-04:00,4431,6487,25,4,1105,1367,1162,369,179,75,150,21,renderer,3369519,706
2026-08-11T19:07:31-04:00,4824,6945,26,4,1116,1570,1309,368,211,76,150,21,renderer,3369519,859
2026-08-11T19:08:31-04:00,4878,6998,26,4,1104,1574,1370,368,211,76,150,21,renderer,3369519,912
2026-08-11T19:09:31-04:00,4540,6661,26,4,1130,1386,1194,368,211,76,150,21,renderer,3369519,729
2026-08-11T19:10:32-04:00,4801,6923,26,4,1104,1573,1297,368,211,75,149,21,renderer,3369519,843
2026-08-11T19:11:32-04:00,4960,7081,26,4,1108,1615,1412,362,211,76,151,21,renderer,3369519,940
2026-08-11T19:12:32-04:00,4130,6251,26,4,1097,1042,1169,362,211,75,149,21,renderer,3369519,721
2026-08-11T19:13:33-04:00,4108,6229,26,4,1092,1009,1185,362,211,75,149,21,renderer,3369519,737
2026-08-11T19:14:33-04:00,4703,6824,26,4,1112,1347,1421,362,211,76,150,21,renderer,3369519,960
2026-08-11T19:15:33-04:00,4657,6778,26,4,1136,1376,1326,362,209,75,148,21,renderer,3369519,873
2026-08-11T19:16:34-04:00,4976,7098,26,4,1150,1568,1438,362,209,76,149,21,renderer,3369519,972
2026-08-11T19:17:34-04:00,4591,6713,26,4,1142,1363,1265,362,209,75,151,21,renderer,3369519,816
2026-08-11T19:18:34-04:00,4974,7096,26,4,1130,1572,1451,362,209,76,149,21,renderer,3369519,1003
2026-08-11T19:19:35-04:00,4818,6940,26,4,1135,1368,1494,362,209,76,150,21,renderer,3369519,1027
2026-08-11T19:20:35-04:00,4836,6959,26,4,1110,1578,1329,362,208,75,149,21,renderer,3369519,876
2026-08-11T19:21:35-04:00,5178,7301,26,4,1144,1616,1531,427,208,76,150,21,renderer,3369519,1082
2026-08-11T19:22:36-04:00,4939,7061,26,4,1117,1611,1326,427,209,75,149,21,renderer,3369519,873
2026-08-11T19:23:36-04:00,5148,7271,26,4,1131,1613,1519,427,208,75,148,21,renderer,3369519,1054
2026-08-11T19:24:36-04:00,5152,7275,26,4,1136,1612,1520,427,208,75,148,21,renderer,3369519,1061
2026-08-11T19:25:37-04:00,4579,6702,26,4,1135,1053,1507,427,208,75,148,21,renderer,3369519,1044
2026-08-11T19:26:37-04:00,4605,6728,26,4,1135,1050,1536,427,208,75,149,21,renderer,3369519,1065
2026-08-11T19:27:37-04:00,4489,6612,26,4,1167,1050,1387,427,209,75,150,21,renderer,3369519,925
2026-08-11T19:28:38-04:00,4620,6748,26,4,1181,1102,1452,426,208,75,151,21,renderer,3369519,960
2026-08-11T19:29:38-04:00,4790,6917,26,4,1212,1066,1629,426,208,75,149,21,renderer,3369519,1164
2026-08-11T19:30:38-04:00,4558,6686,26,4,1150,1065,1460,426,208,75,150,21,renderer,3369519,1006
2026-08-11T19:31:39-04:00,4807,6935,26,4,1167,1179,1575,426,208,76,151,21,renderer,3369519,1114
2026-08-11T19:32:39-04:00,4717,6844,26,4,1166,1070,1597,426,208,75,148,21,renderer,3369519,1135
2026-08-11T19:33:39-04:00,5409,7536,26,4,1169,1627,1727,426,208,76,150,21,renderer,3369519,1258
2026-08-11T19:34:39-04:00,5505,7633,26,4,1151,1661,1808,426,209,76,149,21,renderer,3369519,1354
2026-08-11T19:35:40-04:00,4691,6819,26,4,1155,1067,1586,426,209,75,149,21,renderer,3369519,1125
2026-08-11T19:36:40-04:00,4945,7072,26,4,1170,1107,1783,426,209,75,150,21,renderer,3369519,1313
2026-08-11T19:37:40-04:00,4934,7063,26,4,1175,1064,1810,426,209,76,149,21,renderer,3369519,1347
2026-08-11T19:38:41-04:00,4911,7040,26,4,1142,1066,1821,426,209,75,148,21,renderer,3369519,1350
2026-08-11T19:39:41-04:00,4901,7029,26,4,1130,1065,1822,426,209,75,148,21,renderer,3369519,1350
2026-08-11T19:40:41-04:00,4804,6932,26,4,1137,1066,1716,426,209,76,149,21,renderer,3369519,1262
2026-08-11T19:41:42-04:00,4810,6938,26,4,1136,1065,1724,426,209,76,149,21,renderer,3369519,1263
2026-08-11T19:42:42-04:00,4798,6926,26,4,1127,1065,1722,426,209,75,148,21,renderer,3369519,1258
2026-08-11T19:43:42-04:00,4791,6920,26,4,1127,1065,1715,426,209,76,149,21,renderer,3369519,1250
2026-08-11T19:44:43-04:00,4791,6919,26,4,1127,1068,1712,426,209,75,149,21,renderer,3369519,1250
2026-08-11T19:45:43-04:00,4791,6919,26,4,1127,1064,1715,426,209,76,148,21,renderer,3369519,1250
2026-08-11T19:46:43-04:00,4787,6916,26,4,1124,1065,1716,426,208,75,148,21,renderer,3369519,1249
2026-08-11T19:47:44-04:00,4908,7036,26,4,1122,1096,1806,426,208,75,150,21,renderer,3369519,1340
2026-08-11T19:48:44-04:00,5033,7162,26,4,1126,1191,1832,426,208,76,149,21,renderer,3369519,1361
2026-08-11T19:49:44-04:00,5310,7439,26,4,1145,1631,1650,426,208,75,149,21,renderer,3369519,1179
2026-08-11T19:50:45-04:00,5568,7695,26,4,1161,1632,1889,426,208,75,150,21,renderer,3369519,1429
2026-08-11T19:51:45-04:00,5274,7404,26,4,1163,1407,1821,426,208,75,149,21,renderer,3369519,1359
2026-08-11T19:52:45-04:00,5255,7386,26,4,1160,1313,1897,426,208,75,149,21,renderer,3369519,1447
2026-08-11T19:53:46-04:00,5694,7825,26,4,1165,1668,1977,426,208,76,150,21,renderer,3369519,1520
2026-08-11T19:54:46-04:00,5862,7993,26,4,1168,1664,2146,426,208,76,149,21,renderer,3369519,1695
2026-08-11T19:55:46-04:00,5423,7553,26,4,1154,1663,1723,426,208,75,149,21,renderer,3369519,1262
2026-08-11T19:56:46-04:00,4886,7017,26,4,1165,1110,1729,426,208,75,149,21,renderer,3369519,1269
2026-08-11T19:57:47-04:00,4910,7041,26,4,1173,1067,1782,432,208,76,149,21,renderer,3369519,1315
2026-08-11T19:58:47-04:00,5305,7437,26,4,1195,1239,1975,438,208,76,150,21,renderer,3369519,1493
2026-08-11T19:59:47-04:00,5672,7803,26,4,1148,1869,1749,448,209,76,149,21,renderer,3369519,1287
2026-08-11T20:00:48-04:00,5426,7557,26,4,1147,1487,1949,385,209,75,149,21,renderer,3369519,1488
2026-08-11T20:01:48-04:00,5506,7637,26,4,1163,1667,1814,402,210,76,150,21,renderer,3369519,1351
2026-08-11T20:02:48-04:00,4936,7067,26,4,1145,1105,1828,399,209,76,149,21,renderer,3369519,1363
2026-08-11T20:03:49-04:00,5189,7320,26,4,1156,1112,1863,600,210,75,149,21,renderer,3369519,1389
2026-08-11T20:04:49-04:00,6457,8589,26,4,1162,1228,1869,1739,210,76,148,21,tsserver,3403288,1592
2026-08-11T20:05:49-04:00,6369,8500,26,4,1146,1230,1870,1664,210,76,148,21,tsserver,3403288,1516
2026-08-11T20:06:50-04:00,6438,8569,26,4,1140,1225,1871,1743,210,76,148,21,tsserver,3403288,1595
2026-08-11T20:07:50-04:00,6251,8382,26,4,1140,1154,1865,1633,211,75,148,21,tsserver,3403288,1489
2026-08-11T20:08:50-04:00,6310,8442,26,4,1147,1181,1891,1633,210,75,148,21,tsserver,3403288,1489
2026-08-11T20:09:51-04:00,7449,9581,26,4,1179,1994,2180,1635,211,76,149,21,renderer,3369519,1696
2026-08-11T20:10:51-04:00,6587,8719,26,4,1197,1246,2045,1639,211,76,149,21,renderer,3369519,1571
2026-08-11T20:11:51-04:00,6731,8862,26,4,1233,1189,2210,1639,211,76,150,21,renderer,3369519,1746
2026-08-11T20:12:52-04:00,6695,8827,26,4,1177,1414,1886,1759,210,76,149,21,tsserver,3403288,1614
2026-08-11T20:13:52-04:00,6384,8515,26,4,1178,1100,1887,1759,210,76,149,21,tsserver,3403288,1614
2026-08-11T20:14:52-04:00,6398,8530,26,4,1182,1094,1905,1759,210,75,149,21,tsserver,3403288,1614
2026-08-11T20:15:53-04:00,6776,8909,26,4,1223,1394,1915,1784,211,77,150,21,tsserver,3403288,1636
2026-08-11T20:16:53-04:00,5926,8059,26,4,1241,1418,2222,582,210,77,151,21,renderer,3369519,1743
2026-08-11T20:17:53-04:00,6177,8310,26,4,1278,1625,2274,538,211,77,151,21,renderer,3369519,1813
2026-08-11T20:18:54-04:00,5588,7720,26,4,1213,1090,2282,540,213,76,149,21,renderer,3369519,1817
2026-08-11T20:19:54-04:00,5576,7708,26,4,1254,1068,2237,554,214,76,149,21,renderer,3369519,1767
2026-08-11T20:20:54-04:00,5517,7649,26,4,1233,1075,2190,555,214,76,149,21,renderer,3369519,1709
2026-08-11T20:21:55-04:00,5372,7507,26,4,1182,1148,2236,341,214,77,149,21,renderer,3369519,1774
2026-08-11T20:22:55-04:00,6167,8300,26,4,1223,1871,2265,342,214,76,150,21,renderer,3369519,1804
2026-08-11T20:23:55-04:00,5293,7425,26,4,1210,1063,2214,342,214,76,150,21,renderer,3369519,1740
2026-08-11T20:24:56-04:00,5244,7376,26,4,1180,1061,2196,343,214,75,150,21,renderer,3369519,1733
2026-08-11T20:25:56-04:00,6079,8211,26,4,1178,1869,2225,343,214,76,150,21,renderer,3369519,1751
2026-08-11T20:26:56-04:00,5867,8004,26,4,1212,1544,2304,343,215,77,150,21,renderer,3369519,1821
2026-08-11T20:27:57-04:00,5301,7433,26,4,1226,1112,2050,448,215,77,149,21,renderer,3369519,1572
2026-08-11T20:28:57-04:00,5536,7669,26,4,1209,1239,2174,448,215,77,150,21,renderer,3369519,1705
2026-08-11T20:29:57-04:00,6173,8305,26,4,1224,1677,2353,452,215,77,151,21,renderer,3369519,1870
2026-08-11T20:30:58-04:00,5279,7411,26,4,1225,1068,2076,443,215,76,151,21,renderer,3369519,1611
2026-08-11T20:31:58-04:00,5329,7462,26,4,1243,1065,2113,443,215,76,149,21,renderer,3369519,1641
2026-08-11T20:32:58-04:00,5310,7442,26,4,1228,1065,2108,443,215,76,150,21,renderer,3369519,1640
2026-08-11T20:33:59-04:00,5306,7438,26,4,1199,1066,2132,443,215,76,150,21,renderer,3369519,1667
2026-08-11T20:34:59-04:00,5371,7503,26,4,1190,1066,2207,443,215,76,150,21,renderer,3369519,1739
2026-08-11T20:36:00-04:00,6358,8491,26,4,1224,1873,2352,443,215,77,150,21,renderer,3369519,1879
2026-08-11T20:37:00-04:00,5504,7637,26,4,1210,1061,2324,443,215,76,150,21,renderer,3369519,1856
2026-08-11T20:38:00-04:00,5469,7602,26,4,1218,1061,2283,443,214,76,149,21,renderer,3369519,1811
2026-08-11T20:39:01-04:00,5431,7564,26,4,1233,1061,2229,443,214,76,150,21,renderer,3369519,1764
2026-08-11T20:40:01-04:00,5619,7751,26,4,1204,1172,2334,443,215,76,149,21,renderer,3369519,1865
2026-08-11T20:41:01-04:00,5690,7823,26,4,1216,1190,2374,443,215,77,150,21,renderer,3369519,1910
2026-08-11T20:42:02-04:00,6474,8607,26,4,1250,1841,2475,443,215,77,150,21,renderer,3369519,2012
2026-08-11T20:43:02-04:00,7175,9309,26,4,1255,2388,2630,436,215,77,151,21,renderer,3369519,2119
2026-08-11T20:44:02-04:00,6200,8332,26,4,1281,1707,2311,436,215,76,149,21,renderer,3369519,1839
2026-08-11T20:45:03-04:00,6202,8334,26,4,1288,1641,2372,436,215,76,149,21,renderer,3369519,1910
2026-08-11T20:46:03-04:00,5633,7764,26,4,1286,1064,2381,436,215,76,150,21,renderer,3369519,1910
2026-08-11T20:47:03-04:00,5577,7709,26,4,1287,1063,2327,436,215,76,149,21,renderer,3369519,1859
2026-08-11T20:48:04-04:00,5585,7717,26,4,1287,1060,2338,436,215,76,149,21,renderer,3369519,1868
2026-08-11T20:49:04-04:00,5557,7688,26,4,1285,1062,2309,436,215,76,149,21,renderer,3369519,1843
2026-08-11T20:50:04-04:00,5667,7799,26,4,1261,1188,2317,436,215,76,150,21,renderer,3369519,1862
2026-08-11T20:51:05-04:00,6239,8372,26,4,1244,1744,2349,436,215,76,150,21,renderer,3369519,1890
2026-08-11T20:52:05-04:00,6118,8250,26,4,1285,1402,2530,436,215,76,151,21,renderer,3369519,2067
2026-08-11T20:53:05-04:00,6265,8398,26,4,1304,1634,2425,436,215,77,149,21,renderer,3369519,1969
2026-08-11T20:54:06-04:00,6244,8376,26,4,1303,1634,2405,436,215,76,149,21,renderer,3369519,1947
2026-08-11T20:55:06-04:00,5570,7702,26,4,1189,1063,2416,436,215,76,150,21,renderer,3369519,1946
2026-08-11T20:56:06-04:00,5565,7697,26,4,1189,1059,2415,436,215,76,150,21,renderer,3369519,1946
2026-08-11T20:57:07-04:00,5563,7695,26,4,1189,1058,2415,436,215,76,149,21,renderer,3369519,1945
2026-08-11T20:58:07-04:00,5564,7697,26,4,1189,1060,2413,436,215,76,150,21,renderer,3369519,1945
2026-08-11T20:59:07-04:00,5553,7685,26,4,1189,1061,2401,436,215,76,149,21,renderer,3369519,1945
2026-08-11T21:00:08-04:00,5548,7681,26,4,1189,1061,2397,436,216,76,150,21,renderer,3369519,1937
2026-08-11T21:01:08-04:00,5793,7927,26,4,1212,1140,2543,436,213,76,149,21,renderer,3369519,2084
2026-08-11T21:02:08-04:00,5981,8114,26,4,1246,1233,2603,436,213,77,149,21,renderer,3369519,2124
2026-08-11T21:03:09-04:00,6474,8607,26,4,1258,1686,2630,436,213,77,151,21,renderer,3369519,2142
2026-08-11T21:04:09-04:00,6498,8631,26,4,1270,1685,2644,436,213,76,149,21,renderer,3369519,2177
2026-08-11T21:05:09-04:00,5795,7928,26,4,1281,1065,2550,436,213,76,150,21,renderer,3369519,2083
2026-08-11T21:06:10-04:00,6633,8765,26,4,1281,1873,2579,436,213,76,150,21,renderer,3369519,2121
2026-08-11T21:07:10-04:00,5830,7963,26,4,1288,1064,2579,436,213,76,150,21,renderer,3369519,2119
2026-08-11T21:08:10-04:00,5827,7960,26,4,1287,1063,2578,436,213,76,150,21,renderer,3369519,2119
2026-08-11T21:09:11-04:00,5827,7960,26,4,1287,1063,2578,436,213,76,150,21,renderer,3369519,2119
2026-08-11T21:10:11-04:00,5828,7961,26,4,1287,1063,2579,436,213,76,150,21,renderer,3369519,2119
2026-08-11T21:11:11-04:00,5783,7915,26,4,1241,1063,2578,436,213,76,150,21,renderer,3369519,2119
2026-08-11T21:12:12-04:00,5791,7924,26,4,1241,1063,2587,436,213,76,150,21,renderer,3369519,2118
2026-08-11T21:13:12-04:00,5793,7926,26,4,1241,1063,2589,436,213,76,150,21,renderer,3369519,2118
2026-08-11T21:14:12-04:00,5792,7925,26,4,1241,1063,2588,436,213,76,151,21,renderer,3369519,2117
2026-08-11T21:15:13-04:00,5702,7835,26,4,1256,1065,2481,436,213,77,150,21,renderer,3369519,2014
2026-08-11T21:16:13-04:00,5699,7832,26,4,1254,1064,2483,436,213,76,149,21,renderer,3369519,2015
2026-08-11T21:17:13-04:00,5705,7838,26,4,1249,1068,2488,436,213,77,150,21,renderer,3369519,2016
2026-08-11T21:18:14-04:00,5805,7938,26,4,1250,1066,2590,436,213,76,150,21,renderer,3369519,2122
2026-08-11T21:19:14-04:00,5844,7977,26,4,1269,1066,2609,436,213,77,150,21,renderer,3369519,2151
2026-08-11T21:20:14-04:00,5836,7970,26,4,1288,1065,2584,436,213,77,149,21,renderer,3369519,2113
2026-08-11T21:21:15-04:00,5871,8005,26,4,1302,1078,2592,436,214,77,148,21,renderer,3369519,2116
2026-08-11T21:22:15-04:00,5866,8000,26,4,1307,1065,2596,436,213,76,149,21,renderer,3369519,2126
2026-08-11T21:23:15-04:00,5849,7983,26,4,1291,1063,2596,436,213,77,149,21,renderer,3369519,2125
2026-08-11T21:24:16-04:00,5860,7993,26,4,1291,1067,2603,436,214,76,148,21,renderer,3369519,2125
2026-08-11T21:25:16-04:00,5847,7981,26,4,1291,1067,2590,436,214,76,148,21,renderer,3369519,2125
2026-08-11T21:26:16-04:00,5832,7966,26,4,1290,1067,2576,436,214,76,148,21,renderer,3369519,2108
2026-08-11T21:27:17-04:00,5832,7966,26,4,1284,1070,2580,436,214,77,148,21,renderer,3369519,2106
2026-08-11T21:28:17-04:00,5829,7963,26,4,1284,1069,2578,436,214,77,148,21,renderer,3369519,2106
2026-08-11T21:29:17-04:00,5827,7961,26,4,1284,1069,2575,436,214,77,148,21,renderer,3369519,2107
2026-08-11T21:30:18-04:00,5832,7967,26,4,1289,1070,2575,436,214,77,148,21,renderer,3369519,2097
2026-08-11T21:31:18-04:00,5837,7972,26,4,1288,1066,2584,436,214,77,149,21,renderer,3369519,2106
2026-08-11T21:32:18-04:00,5827,7961,26,4,1289,1064,2575,436,214,76,148,21,renderer,3369519,2103
2026-08-11T21:33:19-04:00,5858,7992,26,4,1297,1064,2598,436,214,77,148,21,renderer,3369519,2117
2026-08-11T21:34:19-04:00,5856,7990,26,4,1297,1064,2595,436,214,77,148,21,renderer,3369519,2115
2026-08-11T21:35:20-04:00,5847,7980,26,4,1299,1065,2584,436,214,76,148,21,renderer,3369519,2114
2026-08-11T21:36:20-04:00,5860,7994,26,4,1302,1066,2592,436,214,77,149,21,renderer,3369519,2114
2026-08-11T21:37:20-04:00,5936,8072,26,4,1319,1065,2652,436,214,77,148,21,renderer,3369519,2172
2026-08-11T21:38:21-04:00,6038,8173,26,4,1331,1062,2744,436,214,77,149,21,renderer,3369519,2267
2026-08-11T21:39:21-04:00,6128,8262,26,4,1343,1075,2829,416,214,78,149,21,renderer,3369519,2357
2026-08-11T21:40:21-04:00,5688,7822,26,4,1281,1074,2452,416,214,76,150,21,renderer,3369519,1977
2026-08-11T21:41:22-04:00,6582,8716,26,4,1264,1685,2677,489,214,77,150,21,renderer,3369519,2201
2026-08-11T21:42:22-04:00,6048,8182,26,4,1284,1145,2670,485,214,77,149,21,renderer,3369519,2190
2026-08-11T21:43:23-04:00,6420,8555,26,4,1294,1280,2895,485,214,78,149,21,renderer,3369519,2418
2026-08-11T21:44:23-04:00,6268,8403,26,4,1260,1127,2930,485,214,78,149,21,renderer,3369519,2450
2026-08-11T21:45:23-04:00,5818,7953,26,4,1261,1110,2512,471,214,77,149,21,renderer,3369519,2038
2026-08-11T21:46:24-04:00,6331,8585,27,5,1470,1107,2818,471,214,77,150,21,renderer,3369519,2346
2026-08-11T21:47:24-04:00,8999,11487,29,7,1792,2029,2944,1768,214,77,150,21,renderer,3369519,2468
2026-08-11T21:48:24-04:00,7817,10305,29,7,1804,1229,2556,1762,214,77,149,21,renderer,3369519,2074
2026-08-11T21:49:25-04:00,8432,10928,29,7,1791,1786,2660,1728,215,77,149,21,renderer,3369519,2174
2026-08-11T21:50:25-04:00,8312,10811,29,7,1784,1516,2789,1756,216,77,149,21,renderer,3369519,2312
2026-08-11T21:51:26-04:00,8146,10772,30,8,2004,1224,2867,1584,215,77,150,21,renderer,3369519,2387
2026-08-11T21:52:26-04:00,8177,10872,31,8,2039,1930,3004,669,282,78,151,21,renderer,3369519,2529
2026-08-11T21:53:28-04:00,7284,9981,31,8,2042,1255,2798,657,282,77,148,21,renderer,3369519,2317
2026-08-11T21:54:28-04:00,7305,10000,31,8,2061,1245,2959,507,283,77,149,21,renderer,3369519,2471
2026-08-11T21:55:29-04:00,7329,10024,31,8,2054,1242,2995,505,284,77,148,21,renderer,3369519,2520
2026-08-11T21:56:29-04:00,7292,9988,31,8,2048,1126,3064,521,283,77,149,21,renderer,3369519,2580
2026-08-11T21:57:29-04:00,7294,9991,31,8,2032,1128,3087,514,283,77,149,21,renderer,3369519,2609
2026-08-11T21:58:30-04:00,7292,9990,31,8,2033,1124,3089,514,283,77,149,21,renderer,3369519,2610
2026-08-11T21:59:30-04:00,7292,9989,31,8,2032,1124,3089,514,283,77,149,21,renderer,3369519,2611
2026-08-11T22:00:31-04:00,7158,9856,31,8,2054,1195,2856,519,283,77,148,21,renderer,3369519,2383
2026-08-11T22:01:31-04:00,7217,9916,31,8,2071,1207,2885,519,284,78,149,21,renderer,3369519,2410
2026-08-11T22:02:31-04:00,6886,9585,31,8,2069,1070,2675,537,285,77,148,21,renderer,3369519,2199
2026-08-11T22:03:32-04:00,6880,9579,31,8,2076,1122,2691,463,279,77,148,21,renderer,3369519,2206
2026-08-11T22:04:32-04:00,6894,9594,31,8,2067,1120,2711,466,281,77,149,21,renderer,3369519,2224
2026-08-11T22:05:33-04:00,6890,9589,31,8,2049,1122,2725,462,280,77,148,21,renderer,3369519,2241
2026-08-11T22:06:33-04:00,6847,9547,31,8,2071,1091,2740,413,281,77,149,21,renderer,3369519,2260
2026-08-11T22:07:33-04:00,7262,9963,31,8,2088,1160,3073,412,276,78,151,21,renderer,3369519,2597
2026-08-11T22:08:34-04:00,7401,10101,31,8,2085,1229,3091,467,277,77,150,21,renderer,3369519,2606
2026-08-11T22:09:34-04:00,7493,10194,31,8,2091,1220,3187,470,273,78,150,21,renderer,3369519,2705
2026-08-11T22:10:35-04:00,7174,9875,31,8,2093,1213,2874,470,273,78,149,21,renderer,3369519,2393
2026-08-11T22:11:35-04:00,7459,10165,31,8,2116,1188,3145,482,274,78,151,21,renderer,3369519,2657
2026-08-11T22:12:35-04:00,7922,10626,31,8,2103,1583,3228,483,273,78,150,21,renderer,3369519,2747
2026-08-11T22:13:36-04:00,7657,10361,31,8,2120,1160,3368,483,273,78,150,21,renderer,3369519,2876
2026-08-11T22:14:37-04:00,7604,10307,31,8,2124,1098,3372,483,274,77,151,21,renderer,3369519,2889
2026-08-11T22:15:37-04:00,7585,10289,31,8,2119,1081,3376,483,274,78,150,21,renderer,3369519,2899
2026-08-11T22:16:37-04:00,7533,10241,31,8,2141,1169,3213,483,274,78,150,21,renderer,3369519,2730
2026-08-11T22:17:38-04:00,7567,10271,31,8,2120,1140,3301,480,274,78,150,21,renderer,3369519,2812
2026-08-11T22:18:38-04:00,7631,10334,31,8,2117,1184,3313,492,274,77,149,21,renderer,3369519,2828
2026-08-11T22:19:39-04:00,7582,10287,31,8,2125,1104,3435,392,274,77,150,21,renderer,3369519,2948
2026-08-11T22:20:40-04:00,7570,10273,31,8,2110,1104,3438,392,274,77,150,21,renderer,3369519,2951
2026-08-11T22:21:40-04:00,7745,10449,31,8,2116,1188,3520,393,274,78,151,21,renderer,3369519,3044
2026-08-11T22:22:40-04:00,7736,10440,31,8,2123,1175,3519,393,275,77,150,21,renderer,3369519,3033
2026-08-11T22:23:42-04:00,7786,10494,31,8,2110,1184,3574,393,274,77,150,21,renderer,3369519,3092
2026-08-11T22:24:43-04:00,7490,10194,31,8,2123,1112,3285,442,275,77,151,21,renderer,3369519,2799
2026-08-11T22:25:43-04:00,7816,10521,31,8,2127,1112,3602,448,274,78,150,21,renderer,3369519,3126
2026-08-11T22:26:44-04:00,7996,10701,31,8,2131,1215,3674,448,274,79,150,21,renderer,3369519,3194
2026-08-11T22:26:55-04:00,8006,10711,31,8,2142,1216,3671,448,274,80,151,21,renderer,3369519,3192
2026-08-11T22:27:55-04:00,7482,10186,31,8,2133,1106,3269,448,274,77,150,21,renderer,3369519,2797
2026-08-11T22:28:55-04:00,7665,10375,31,8,2124,1159,3412,448,275,79,145,21,renderer,3369519,2820
2026-08-11T22:29:56-04:00,7650,10360,31,8,2138,1155,3376,458,276,79,144,21,renderer,3369519,2894
2026-08-11T22:30:56-04:00,7682,10391,31,8,2125,1121,3455,459,276,78,144,21,renderer,3369519,2968
2026-08-11T22:31:57-04:00,7781,10494,31,8,2135,1115,3557,449,276,79,145,21,renderer,3369519,3065
2026-08-11T22:32:57-04:00,7894,10607,31,8,2146,1129,3644,449,276,78,146,21,renderer,3369519,3151
2026-08-11T22:33:57-04:00,8177,10891,31,8,2140,1264,3817,426,275,79,152,21,renderer,3369519,3318
2026-08-11T22:34:58-04:00,8124,10844,31,8,2147,1139,3880,426,283,79,146,21,renderer,3369519,3356
2026-08-11T22:35:58-04:00,8122,10842,31,8,2149,1138,3879,426,283,78,146,21,renderer,3369519,3357
2026-08-11T22:36:59-04:00,8127,10847,31,8,2136,1221,3810,426,284,79,147,21,renderer,3369519,3291
2026-08-11T22:37:59-04:00,8317,11038,31,8,2234,1138,3912,496,284,81,147,21,renderer,3369519,3390
2026-08-11T22:39:00-04:00,8298,11019,31,8,2176,1132,3956,496,284,81,148,21,renderer,3369519,3438
2026-08-11T22:40:00-04:00,9024,11746,31,8,2164,1229,4600,490,284,81,151,21,renderer,3369519,4072
2026-08-11T22:41:01-04:00,9634,12357,31,8,2165,1125,5317,490,285,80,148,21,renderer,3369519,4796
2026-08-11T22:42:01-04:00,8410,11131,31,8,2163,1124,4096,490,285,80,148,21,renderer,3369519,3576
2026-08-11T22:43:02-04:00,8662,11382,31,8,2166,1128,4340,490,285,80,148,21,renderer,3369519,3810
2026-08-11T22:44:02-04:00,8846,11567,31,8,2175,1152,4491,490,285,81,149,21,renderer,3369519,3977
2026-08-11T22:45:02-04:00,8364,11083,31,8,2160,1134,4038,490,286,78,153,21,renderer,3369519,3494
2026-08-11T22:46:03-04:00,8447,11170,31,8,2166,1148,4101,490,286,80,151,21,renderer,3369519,3567
2026-08-11T22:47:03-04:00,8553,11273,31,8,2172,1130,4221,490,286,79,151,21,renderer,3369519,3678
2026-08-11T22:48:03-04:00,8542,11262,31,8,2155,1129,4227,490,286,79,151,21,renderer,3369519,3685
2026-08-11T22:49:04-04:00,8568,11300,31,8,2158,1151,4222,490,285,84,153,21,renderer,3369519,3658
2026-08-11T22:50:04-04:00,8599,11331,31,8,2165,1150,4251,490,285,83,150,21,renderer,3369519,3677
2026-08-11T22:51:05-04:00,8539,11271,31,8,2159,1150,4197,490,284,83,151,21,renderer,3369519,3620
2026-08-11T22:52:05-04:00,8564,11296,31,8,2159,1151,4222,490,284,83,151,21,renderer,3369519,3618
2026-08-11T22:53:05-04:00,8505,11239,31,8,2160,1137,4176,490,284,83,151,21,renderer,3369519,3625
2026-08-11T22:54:06-04:00,8522,11255,31,8,2161,1133,4196,490,284,83,151,21,renderer,3369519,3629
2026-08-11T22:55:06-04:00,8633,11366,31,8,2169,1134,4300,490,283,83,151,21,renderer,3369519,3726
2026-08-11T22:56:07-04:00,8603,11336,31,8,2165,1132,4277,490,280,83,151,21,renderer,3369519,3705
2026-08-11T22:57:07-04:00,8632,11367,31,8,2170,1154,4278,490,280,83,152,21,renderer,3369519,3696
2026-08-11T22:58:07-04:00,8614,11349,31,8,2150,1154,4281,490,280,83,152,21,renderer,3369519,3698
2026-08-11T22:59:08-04:00,8660,11395,31,8,2157,1162,4314,490,280,82,151,21,renderer,3369519,3737
2026-08-11T23:00:08-04:00,8616,11350,31,8,2153,1130,4302,490,280,82,153,21,renderer,3369519,3727
2026-08-11T23:01:09-04:00,8597,11331,31,8,2159,1092,4295,511,280,82,152,21,renderer,3369519,3714
2026-08-11T23:02:09-04:00,8521,11255,31,8,2151,1087,4274,470,280,82,152,21,renderer,3369519,3713
2026-08-11T23:03:09-04:00,8546,11298,31,8,2157,1090,4291,469,280,82,152,21,renderer,3369519,3728
2026-08-11T23:04:10-04:00,8465,11200,31,8,2147,1091,4218,469,280,82,152,21,renderer,3369519,3655
2026-08-11T23:05:10-04:00,8637,11372,31,8,2153,1129,4317,500,279,82,152,21,renderer,3369519,3752
2026-08-11T23:06:11-04:00,8668,11404,31,8,2160,1129,4339,499,279,83,154,21,renderer,3369519,3772
2026-08-11T23:07:11-04:00,8682,11416,31,8,2149,1123,4370,500,279,82,153,21,renderer,3369519,3810
2026-08-11T23:08:11-04:00,8790,11525,31,8,2155,1143,4484,467,280,83,152,21,renderer,3369519,3914
2026-08-11T23:09:12-04:00,8699,11433,31,8,2154,1118,4467,422,280,83,150,21,renderer,3369519,3902
2026-08-11T23:10:12-04:00,8688,11422,31,8,2148,1119,4477,405,280,82,150,21,renderer,3369519,3907
2026-08-11T23:11:13-04:00,8683,11417,31,8,2141,1120,4479,405,280,82,151,21,renderer,3369519,3906
2026-08-11T23:12:13-04:00,8655,11390,31,8,2151,1121,4441,404,280,82,150,21,renderer,3369519,3870
2026-08-11T23:13:13-04:00,8776,11511,31,8,2167,1143,4516,410,281,83,151,21,renderer,3369519,3933
2026-08-11T23:14:14-04:00,8798,11533,31,8,2174,1106,4514,465,281,82,152,21,renderer,3369519,3933
2026-08-11T23:15:14-04:00,8780,11516,31,8,2190,1103,4484,464,281,83,151,21,renderer,3369519,3875
2026-08-11T23:16:15-04:00,8717,11452,31,8,2158,1101,4454,464,281,83,151,21,renderer,3369519,3888
2026-08-11T23:17:15-04:00,8716,11451,31,8,2163,1099,4451,464,281,82,152,21,renderer,3369519,3881
2026-08-11T23:18:15-04:00,8820,11555,31,8,2170,1124,4520,464,281,84,152,21,renderer,3369519,3948
2026-08-11T23:19:16-04:00,8848,11582,31,8,2176,1127,4542,464,281,83,151,21,renderer,3369519,3961
2026-08-11T23:20:16-04:00,8967,11701,31,8,2183,1128,4585,533,280,83,151,21,renderer,3369519,4004
2026-08-11T23:21:17-04:00,8936,11671,31,8,2161,1129,4576,533,280,82,151,21,renderer,3369519,3993
2026-08-11T23:22:17-04:00,8934,11668,31,8,2161,1128,4575,533,280,82,151,21,renderer,3369519,3992
2026-08-11T23:23:18-04:00,8915,11650,31,8,2161,1124,4559,533,280,82,151,21,renderer,3369519,3992
2026-08-11T23:24:18-04:00,8917,11652,31,8,2161,1126,4559,533,280,82,152,21,renderer,3369519,3992
2026-08-11T23:25:19-04:00,8906,11640,31,8,2151,1125,4559,533,280,82,151,21,renderer,3369519,3992
2026-08-11T23:26:19-04:00,8906,11641,31,8,2151,1125,4559,533,280,82,151,21,renderer,3369519,3992
2026-08-11T23:27:19-04:00,8906,11641,31,8,2151,1126,4558,533,280,82,151,21,renderer,3369519,3992
2026-08-11T23:28:20-04:00,8905,11640,31,8,2151,1126,4558,533,280,82,151,21,renderer,3369519,3992
2026-08-11T23:29:20-04:00,8905,11641,31,8,2151,1126,4558,533,280,81,151,21,renderer,3369519,3993
2026-08-11T23:30:20-04:00,8903,11638,31,8,2151,1123,4559,533,280,81,151,21,renderer,3369519,3993
2026-08-11T23:31:21-04:00,8904,11639,31,8,2151,1124,4559,533,280,81,150,21,renderer,3369519,3993
2026-08-11T23:32:21-04:00,8905,11640,31,8,2151,1124,4560,533,280,81,150,21,renderer,3369519,3994
2026-08-11T23:33:22-04:00,8905,11640,31,8,2151,1125,4559,533,280,81,151,21,renderer,3369519,3994
2026-08-11T23:34:22-04:00,8906,11641,31,8,2151,1125,4560,533,280,81,151,21,renderer,3369519,3995
2026-08-11T23:35:22-04:00,8907,11642,31,8,2151,1124,4561,533,280,81,151,21,renderer,3369519,3995
2026-08-11T23:36:23-04:00,8907,11642,31,8,2151,1125,4561,533,280,81,150,21,renderer,3369519,3996
2026-08-11T23:37:23-04:00,8906,11642,31,8,2149,1126,4562,533,280,81,151,21,renderer,3369519,3996
2026-08-11T23:38:23-04:00,8908,11643,31,8,2149,1126,4563,533,280,81,151,21,renderer,3369519,3997
2026-08-11T23:39:24-04:00,8906,11641,31,8,2149,1124,4562,533,280,81,151,21,renderer,3369519,3997
2026-08-11T23:40:24-04:00,8921,11656,31,8,2166,1147,4536,533,280,83,152,21,renderer,3369519,3978
